2,8,8,8,8,8,8,0
4,18,18,18,18,18,17,0
12,50,50,49,50,50,50,7
15,49,50,49,50,49,50,0
20,42,43,43,43,39,43,3
10,54,54,54,54,54,52,4
37,46,47,46,47,43,46,0
26,38,41,38,41,40,41,0
8,29,29,29,29,29,29,0
23,35,35,35,35,34,35,0
8,42,42,42,42,42,42,1
13,42,42,41,42,42,42,0
16,24,24,23,24,22,24,0
11,40,40,40,40,40,40,15
16,39,39,37,38,39,39,1
18,40,40,38,41,41,41,2
19,50,50,50,50,50,50,3
14,50,50,50,50,50,50,13
30,42,44,43,44,42,44,0
6,32,32,32,32,30,32,2
2,45,45,45,45,45,45,23
12,43,43,43,43,43,43,8
29,45,45,45,45,45,45,0
16,24,25,25,25,24,25,0
23,67,67,66,67,67,67,2
32,54,53,54,54,54,54,0
3,33,33,33,33,33,33,0
14,38,39,39,39,38,39,0
15,34,35,33,35,35,35,2
14,46,46,46,46,46,46,5
27,50,50,49,49,48,50,0
26,49,49,47,48,48,49,1
34,53,53,53,53,52,52,1
16,30,30,28,30,30,30,0
12,61,61,61,61,61,60,13
18,47,48,46,49,48,49,2
14,27,27,27,27,25,27,0
20,40,41,41,41,40,41,0
10,41,40,40,40,41,41,0
10,55,55,55,55,55,55,1
31,68,68,68,68,67,66,1
47,79,78,79,79,79,78,14
37,53,52,53,53,51,51,3
21,45,46,46,46,44,46,19
34,66,67,65,67,64,67,4
16,48,47,48,48,48,47,0
4,42,42,42,42,42,40,19
15,40,40,40,40,40,40,0
24,33,33,33,33,33,33,0
29,49,49,49,49,47,49,0
16,43,43,43,43,43,43,0
10,33,33,33,32,33,33,0
5,34,34,34,34,34,34,10
10,30,30,30,30,30,30,5
13,47,47,46,47,46,47,0
14,32,33,30,33,33,33,0
12,42,42,42,42,42,42,6
18,48,48,48,48,48,48,0
13,31,31,31,31,31,31,0
19,29,30,30,30,27,28,0
25,40,40,39,40,40,40,0
19,28,28,28,28,28,28,0
21,40,40,40,40,40,39,0
22,50,51,50,51,49,49,0
7,36,36,36,36,35,36,0
3,28,28,28,28,28,27,0
3,30,30,30,28,30,30,0
6,27,27,27,27,26,27,0
15,57,57,57,57,56,57,0
14,48,48,48,48,48,48,1
17,48,48,47,48,48,46,1
29,51,51,50,52,50,51,0
10,36,36,36,36,36,36,0
18,41,41,41,41,41,41,0
16,32,32,31,31,32,31,0
18,38,38,38,38,38,38,1
24,42,42,41,42,41,42,0
22,42,42,42,43,43,42,0
9,44,44,44,44,43,44,0
14,72,73,71,72,73,73,0
17,45,45,45,44,45,45,0
13,49,49,48,49,49,47,0
11,41,41,41,41,41,39,2
13,37,37,36,37,37,37,0
30,42,42,42,42,41,41,3
22,37,37,35,37,37,36,5
14,33,33,33,33,33,33,1
12,33,36,37,37,37,37,0
25,44,46,46,46,46,46,4
21,56,56,56,56,53,55,0
18,50,50,50,50,50,49,5
12,42,42,42,42,42,42,7
7,31,31,31,31,31,31,6
5,28,28,28,26,28,28,0
4,27,27,27,27,27,27,0
9,38,37,37,38,38,37,1
11,38,38,38,37,36,35,0
17,45,45,45,44,44,42,0
6,37,37,37,37,37,37,0
5,21,23,21,23,21,23,2
8,32,32,31,32,31,32,2
10,37,37,37,37,37,37,0
26,37,37,37,37,37,37,0
15,48,47,49,48,46,48,0
16,39,40,40,40,39,40,0
13,33,33,33,33,33,33,0
27,44,44,44,44,44,44,9
9,38,39,35,39,37,39,8
15,44,43,43,44,44,44,2
13,36,36,36,36,36,35,0
6,35,35,35,35,35,35,1
4,27,27,27,27,27,27,0
4,19,19,19,19,19,19,0
10,23,24,24,24,22,24,0
9,26,26,26,25,25,26,0
13,63,63,63,63,63,63,1
23,45,45,45,45,45,45,0
28,54,54,53,54,53,54,9
14,44,44,44,44,44,44,0
42,69,69,70,70,70,70,4
20,62,62,62,62,62,62,1
13,47,47,47,47,47,47,2
22,38,38,37,38,38,38,2
7,45,45,45,45,45,44,4
4,33,33,33,33,32,32,1
5,31,31,31,31,31,31,1
7,27,27,27,27,27,27,1
13,53,53,51,53,52,52,7
17,41,41,41,41,41,41,0
7,37,37,37,37,37,37,0
13,58,58,58,58,58,57,1
16,46,46,45,46,44,46,1
10,21,19,22,22,22,22,0
15,31,31,31,31,31,31,1
12,18,18,18,18,18,18,1
12,25,26,26,26,24,25,0
17,34,34,34,34,33,33,0
15,29,29,29,29,29,26,0
18,31,32,29,32,32,31,0
17,48,48,48,48,47,48,0
14,51,51,51,51,49,51,0
11,37,37,36,37,36,37,0
13,36,36,35,36,36,36,3
17,38,38,37,38,39,39,0
22,41,41,41,41,41,41,0
11,33,33,33,33,33,33,0
28,37,38,35,38,39,39,0
14,28,27,27,28,28,28,0
8,34,34,34,34,34,34,0
11,30,31,31,31,31,31,0
14,30,29,30,30,27,30,1
14,49,49,51,51,51,51,0
32,45,45,45,45,45,45,0
11,24,24,24,24,24,24,0
8,30,30,30,30,30,30,7
9,32,32,32,32,32,32,2
5,42,42,41,42,42,41,0
4,29,29,29,29,29,29,0
6,28,28,28,28,28,28,8
19,36,36,36,36,35,36,2
10,25,25,25,24,23,23,2
20,49,50,47,50,46,49,0
10,34,34,34,34,34,34,1
32,57,57,57,58,52,53,17
9,36,35,36,36,36,35,12
23,37,37,37,37,37,37,0
14,24,24,24,24,24,24,2
3,23,23,23,23,23,23,1
21,33,33,33,33,33,33,0
9,36,36,36,36,36,36,0
14,45,45,45,45,45,44,0
15,44,44,44,44,44,44,0
5,34,34,34,34,34,34,5
17,35,35,33,35,35,35,1
30,46,46,46,46,46,45,0
20,35,35,33,36,35,36,0
18,40,40,40,40,40,40,0
9,33,33,33,33,33,33,1
21,39,39,39,39,39,39,0
30,49,50,48,50,50,50,1
21,46,46,46,44,46,46,0
37,46,46,43,45,45,46,0
13,36,36,36,35,35,35,1
12,33,33,34,34,34,34,2
13,42,42,42,42,42,42,0
7,33,33,33,33,33,33,0
10,31,31,31,31,31,31,0
12,57,57,57,57,57,57,2
16,44,44,44,44,44,44,0
9,37,37,37,37,37,37,0
8,44,44,44,44,44,44,0
10,16,16,16,16,14,16,0
10,11,11,11,11,10,10,1
20,37,37,37,37,37,37,5
26,33,33,33,33,32,30,0
12,42,43,42,43,42,43,1
5,36,36,36,36,36,36,2
10,45,45,45,45,45,45,1
22,41,43,43,42,39,43,0
13,28,29,29,29,28,27,0
8,28,28,28,28,27,27,8
8,25,25,25,25,25,25,0
7,36,36,36,36,35,36,0
11,35,36,36,36,34,36,2
17,36,36,36,36,35,36,0
9,42,42,42,42,42,38,1
6,25,25,25,25,25,25,1
10,44,45,44,44,44,45,0
20,45,46,46,46,46,45,3
17,42,42,42,42,42,41,0
16,25,25,25,25,25,25,0
12,40,40,39,41,41,40,0
14,35,35,35,35,35,35,0
11,55,55,55,55,55,55,23
16,41,41,41,41,41,40,12
11,40,41,41,41,40,40,0
12,45,45,45,45,45,43,0
12,42,40,42,41,42,40,0
13,39,39,38,39,39,39,0
22,33,34,34,34,34,32,0
20,47,47,44,47,47,47,0
13,33,33,33,33,33,33,1
12,23,23,23,23,23,22,0
19,34,34,33,35,34,34,1
12,53,53,53,52,48,51,0
18,48,46,45,48,47,45,0
7,35,35,35,35,35,35,0
27,37,39,36,39,35,39,1
23,23,23,23,23,20,23,0
20,28,28,27,29,27,28,2
30,47,45,44,47,47,44,6
18,46,46,46,46,45,46,9
4,27,27,27,27,27,27,2
5,25,25,25,25,25,25,1
14,21,21,21,21,21,21,0
11,38,38,38,38,38,38,22
17,38,38,38,38,36,37,0
15,29,29,29,29,29,28,1
16,32,32,32,32,32,32,1
14,32,33,31,33,33,33,0
34,45,45,45,44,45,45,1
15,31,30,29,31,31,31,3
24,47,48,47,48,48,48,0
27,41,43,39,43,43,43,1
19,50,50,50,49,50,50,6
10,31,31,31,31,31,31,3
14,41,41,41,41,40,41,1
15,20,20,20,20,18,19,1
12,37,37,36,37,37,37,5
10,18,18,18,18,18,18,0
9,28,28,28,28,28,28,0
15,40,40,39,40,40,40,5
17,41,41,41,41,41,41,0
1,37,37,37,37,37,37,1
4,39,40,40,40,40,40,0
0,41,40,41,40,41,39,8
1,36,35,36,35,36,35,0
12,26,26,26,26,26,26,0
0,23,23,23,23,23,23,6
2,31,31,31,31,30,31,4
3,44,44,41,44,43,44,1
10,32,32,32,32,32,31,0
7,41,41,41,41,40,41,0
0,40,40,40,40,40,40,1
6,43,43,43,43,43,42,0
2,46,46,46,46,46,46,0
0,40,40,39,40,40,40,0
5,43,43,43,43,42,40,5
0,39,39,37,39,39,39,9
0,38,38,38,38,34,38,0
2,37,37,37,37,37,37,2
0,34,34,34,34,34,34,23
0,48,48,47,48,48,48,12
1,43,43,43,43,43,43,0
0,35,33,35,35,35,35,1
0,37,37,37,37,37,37,0
0,40,38,40,40,40,37,5
4,38,38,38,38,38,38,1
1,45,45,44,45,45,45,0
1,38,38,38,38,38,38,0
11,31,31,31,31,31,31,2
2,30,30,30,30,30,30,7
3,16,16,16,16,15,16,0
0,35,35,35,35,35,35,0
1,35,35,35,35,35,35,0
3,32,32,32,32,32,32,0
2,25,25,25,25,25,25,0
2,22,22,21,22,22,22,1
1,29,29,29,29,29,28,0
11,36,34,32,36,36,36,0
3,36,36,36,36,34,36,0
0,27,27,27,27,27,27,0
1,35,35,35,35,35,35,5
0,31,31,31,31,31,31,2
1,37,37,37,37,37,37,19
0,34,34,34,34,34,34,13
10,34,34,34,34,34,33,4
8,33,34,34,34,34,34,4
0,36,36,36,36,36,36,1
1,26,26,26,26,26,25,0
10,34,34,33,35,35,33,0
0,30,30,29,30,30,30,0
1,28,28,28,28,26,27,0
0,32,32,32,32,32,32,0
2,27,27,27,27,27,27,6
17,45,45,45,45,44,45,6
2,40,40,40,40,40,40,12
9,30,30,30,30,30,30,0
8,28,28,28,28,28,28,0
6,28,28,28,28,28,28,1
22,50,52,48,52,52,52,7
4,47,47,47,46,48,48,11
8,46,46,46,46,46,46,0
9,29,29,29,29,29,29,0
0,26,26,26,26,26,26,4
21,49,49,49,49,49,49,7
2,49,49,48,49,49,49,11
0,44,44,43,44,44,44,0
6,43,43,43,43,39,41,0
6,34,34,34,33,33,33,2
0,38,38,38,38,34,38,2
0,34,33,34,34,33,33,0
1,27,28,27,28,28,28,0
1,24,24,24,24,24,24,0
3,26,26,25,26,24,26,0
8,31,31,31,31,31,30,0
0,43,43,43,43,43,43,0
7,37,36,37,36,37,36,0
0,40,40,40,40,40,39,0
0,29,29,29,29,29,29,1
5,32,32,32,32,32,32,6
5,17,17,17,17,17,17,0
6,25,25,25,25,26,26,6
0,31,31,31,31,31,31,12
9,29,29,29,28,27,29,0
3,29,29,29,29,29,29,2
12,39,39,39,39,39,39,0
17,43,42,41,43,43,43,5
2,46,46,46,46,46,46,12
13,38,38,38,38,38,38,1
15,34,34,35,35,32,32,2
0,69,69,69,69,69,69,26
0,52,52,52,52,52,52,3
2,31,31,30,31,31,31,0
1,19,19,19,19,19,19,0
6,31,31,31,31,29,31,0
7,32,32,31,32,32,32,0
2,37,37,35,37,37,37,1
0,16,16,16,16,16,16,0
1,37,37,37,37,35,35,0
2,37,37,37,37,36,37,0
3,32,32,31,32,32,32,0
10,50,50,48,50,50,50,0
0,29,29,28,29,28,28,0
0,31,31,31,31,31,30,3
2,32,32,32,32,32,32,0
0,37,37,37,37,37,37,0
0,37,37,37,36,37,37,0
0,60,60,60,60,55,60,2
1,41,40,41,41,41,40,4
0,35,35,35,35,35,35,0
2,26,26,25,26,26,26,0
0,19,19,19,19,18,19,0
0,22,22,20,22,22,22,0
0,23,23,23,23,23,22,1
8,27,27,27,27,26,27,0
0,45,45,43,43,45,45,1
14,52,51,52,50,50,51,0
12,33,33,33,33,33,33,2
6,25,25,25,25,25,25,1
10,37,37,37,37,37,36,3
0,36,36,36,36,36,36,0
13,36,33,36,36,36,36,0
11,33,33,33,33,33,33,0
10,54,54,54,54,54,54,0
12,44,44,44,44,44,44,0
3,35,35,35,35,34,34,0
1,26,26,26,26,26,24,0
0,29,29,29,29,29,29,0
0,35,35,35,35,35,35,0
12,32,32,32,32,32,32,0
16,52,52,52,52,52,52,0
17,53,53,53,53,53,53,0
19,56,55,54,55,56,54,0
8,47,47,47,46,47,47,0
1,31,31,31,31,31,31,0
0,37,37,37,37,37,36,1
4,44,44,44,44,44,44,8
5,56,56,56,56,56,56,9
24,39,39,39,39,37,39,0
4,52,52,52,52,50,51,0
0,46,45,45,46,46,45,0
0,29,29,29,29,29,29,0
3,34,34,34,34,33,32,0
3,40,40,40,40,40,40,15
1,33,33,33,33,33,33,3
4,35,35,34,35,33,35,0
10,33,33,31,33,33,33,0
6,37,37,37,37,37,37,2
9,38,38,38,38,38,38,2
4,30,30,30,29,30,30,0
9,42,42,42,42,42,42,0
10,35,35,33,35,35,35,0
2,35,35,35,34,35,35,1
6,44,44,43,44,44,44,8
1,35,35,35,35,35,35,8
5,45,45,45,45,45,45,12
21,36,35,36,36,36,36,0
15,39,39,39,39,39,39,0
0,31,31,31,31,31,31,0
2,42,41,42,42,42,40,0
1,38,38,38,38,37,38,0
0,31,31,31,31,31,31,0
0,37,37,37,36,37,37,0
1,24,24,24,24,24,24,6
9,29,29,29,29,27,29,0
3,20,20,20,20,17,18,0
7,23,23,23,23,23,23,0
1,38,37,38,38,38,37,2
2,42,42,42,42,42,42,0
7,31,31,31,31,31,30,0
1,16,16,16,16,15,15,0
2,23,23,23,23,23,23,0
1,26,26,26,26,26,26,0
2,30,30,30,30,30,29,7
0,39,39,39,39,39,38,0
0,58,58,58,58,58,58,0
1,33,33,33,33,33,33,0
0,29,29,29,29,29,29,0
25,76,76,77,77,73,73,2
9,50,51,51,51,50,50,0
0,34,33,34,34,34,34,1
2,27,27,27,26,27,27,0
8,28,30,28,30,30,30,0
0,36,36,36,36,36,36,0
2,34,34,34,34,34,34,10
7,33,33,33,33,33,33,0
10,25,25,25,25,25,25,0
4,23,23,23,23,22,23,0
11,37,36,37,37,35,37,2
7,33,35,32,35,33,35,8
0,24,24,24,24,24,24,5
0,28,28,26,28,28,28,0
0,23,23,23,23,23,23,2
6,23,23,22,23,22,23,0
7,36,36,35,36,36,36,0
1,41,41,41,41,38,41,0
8,45,45,44,43,45,43,2
8,34,34,33,34,34,34,0
3,22,22,22,22,22,22,4
8,37,37,37,37,37,37,0
12,28,28,28,28,28,28,4
7,33,33,33,32,33,33,3
15,30,30,30,30,29,30,0
0,31,31,31,31,31,31,4
6,37,36,37,37,37,36,6
0,19,19,19,19,19,19,1
7,34,34,34,34,34,34,7
7,32,32,32,32,32,32,0
2,42,42,41,42,42,42,0
1,54,54,54,54,54,54,0
2,36,36,36,36,36,36,6
5,33,33,33,33,33,33,0
0,36,36,36,35,35,35,7
1,33,33,33,33,33,33,1
5,24,24,24,24,24,24,0
1,31,31,31,31,31,31,0
1,23,23,23,23,23,23,0
0,28,28,28,28,28,28,0
0,28,28,28,26,28,25,6
0,26,26,26,26,26,26,13
6,37,37,37,37,37,36,0
1,41,41,41,41,41,41,10
0,39,39,39,39,39,39,1
0,53,53,53,53,53,53,4
1,42,42,42,42,42,42,9
6,21,21,21,21,21,21,2
8,40,40,40,40,40,40,0
0,29,29,29,29,29,29,0
0,16,16,16,16,16,15,0
1,27,27,27,27,27,27,0
12,38,38,38,38,36,38,0
2,32,32,32,32,32,31,1
4,28,29,28,29,28,29,0
0,37,37,37,37,37,37,2
3,32,32,32,32,32,32,0
15,37,38,35,38,36,38,0
17,44,44,44,44,44,43,0
0,33,33,33,33,33,33,0
13,35,35,35,35,35,35,0
15,50,50,50,50,50,49,10
2,42,42,42,42,42,42,7
5,46,46,46,46,46,46,0
18,50,50,50,50,50,50,0
10,47,48,49,49,47,48,0
3,43,43,43,43,43,43,1
3,33,33,33,33,33,33,1
2,38,38,38,38,38,38,0
3,43,43,43,43,43,43,0
7,31,31,31,31,31,31,0
10,41,41,40,39,41,41,0
1,38,38,38,38,38,38,0
0,42,42,40,40,42,42,0
7,50,49,50,50,50,50,0
6,49,49,49,49,47,49,0
4,41,41,41,41,41,39,1
0,27,27,27,27,27,27,0
0,41,41,41,41,41,41,0
0,29,29,29,29,29,29,6
7,24,24,24,24,22,24,6
11,26,26,25,26,26,26,0
6,38,39,37,39,38,39,12
10,52,53,53,52,53,53,11
7,44,45,43,45,44,45,8
17,46,46,46,46,45,46,0
2,32,32,31,32,32,32,1
0,26,26,26,25,26,26,0
3,40,40,37,40,40,40,2
2,26,26,26,26,26,26,4
8,34,34,33,33,32,33,0
18,49,49,49,48,48,48,0
13,53,53,53,53,47,53,0
19,58,58,58,58,58,58,1
6,54,53,54,54,54,54,0
0,43,43,43,43,43,43,0
2,46,46,46,46,46,46,8
8,35,35,35,35,35,34,0
0,28,28,26,28,28,28,2
2,23,23,23,22,23,22,1
1,31,31,30,29,31,30,3
2,31,31,31,31,31,31,10
1,30,30,29,30,30,29,1
1,32,32,30,32,32,32,0
14,30,30,27,29,30,30,0
9,37,37,37,37,35,37,0
11,42,42,42,42,41,42,1
7,49,49,49,49,49,49,0
3,38,38,38,38,38,37,1
2,25,25,25,25,25,24,1
11,37,37,37,37,36,36,0
0,35,35,35,35,35,35,2
3,19,19,19,19,19,19,0
6,47,47,45,47,47,47,0
0,36,36,33,36,36,36,1
10,48,48,48,47,48,48,0
6,39,39,38,39,39,39,0
17,43,43,42,43,43,43,1
6,30,30,27,30,30,30,0
7,30,30,30,30,30,30,0
7,35,35,35,35,35,35,0
0,36,36,36,36,36,36,0
8,32,32,32,32,32,32,2
15,41,42,42,42,39,42,3
1,28,28,28,28,28,28,6
0,28,28,28,28,28,28,0
14,46,47,48,48,48,48,0
2,41,41,41,41,41,41,0
0,24,24,24,24,24,24,1
2,25,25,24,25,25,23,0
11,26,26,23,26,26,26,0
3,26,26,26,26,26,26,0
8,33,33,32,33,31,33,0
8,22,23,21,23,20,23,1
2,24,24,23,24,24,24,11
0,35,35,35,35,35,35,0
2,33,33,33,33,33,33,0
1,54,54,54,54,53,53,0
11,54,55,54,55,55,55,11
10,34,34,34,34,34,34,0
5,21,21,21,21,21,21,3
5,38,38,38,38,38,38,6
0,32,32,32,32,32,32,15
1,22,22,22,22,22,22,0
4,40,40,40,40,39,40,5
1,28,28,28,28,28,28,0
3,32,32,29,32,32,32,0
1,30,30,30,30,30,30,0
0,21,21,20,21,21,21,0
0,27,27,27,27,27,27,2
0,17,17,16,17,16,17,1
0,17,17,17,17,17,17,5
1,25,25,25,25,25,25,0
4,33,34,34,34,34,34,0
0,29,29,29,29,29,29,3
0,21,21,21,21,21,21,0
8,33,33,33,33,33,33,0
9,27,27,27,27,25,27,0
12,27,27,27,27,27,27,1
6,28,28,28,28,28,28,0
10,24,24,24,24,24,24,2
0,32,32,32,32,32,32,16
1,30,29,29,30,30,29,2
0,59,59,59,59,59,59,17
26,43,45,45,45,40,45,0
15,31,31,32,32,31,32,0
11,42,42,40,42,42,42,4
14,28,28,28,28,28,28,3
10,39,39,37,39,39,39,0
11,37,37,37,37,37,35,0
8,42,41,42,42,41,42,0
4,37,37,37,37,37,37,0
1,24,24,24,24,24,24,0
3,44,44,44,44,44,43,5
0,34,34,34,34,34,34,0
16,30,30,29,30,29,30,3
13,48,49,47,49,47,48,0
4,26,26,26,26,26,26,0
21,37,35,35,37,35,34,0
8,28,28,28,28,28,28,0
8,29,29,28,29,29,29,0
6,31,32,30,32,30,32,0
6,16,17,16,17,16,16,0
3,27,27,27,27,27,26,4
2,32,32,32,32,32,32,0
3,18,18,18,18,18,18,1
4,26,26,26,26,26,26,3
8,21,21,21,21,21,21,0
0,28,28,28,28,28,26,7
0,13,13,13,13,13,13,0
6,25,25,25,25,25,25,1
0,40,40,40,40,40,40,1
20,49,50,50,50,49,50,0
2,34,34,34,34,33,32,0
0,36,36,34,36,36,36,2
0,30,29,30,30,30,30,0
0,28,28,28,28,28,28,0
0,25,25,25,25,25,25,0
0,35,35,33,35,35,35,1
0,49,49,49,49,49,49,0
0,41,41,40,41,41,38,1
19,41,41,41,41,38,41,0
7,33,33,33,33,32,31,1
5,34,36,35,36,34,36,0
1,42,42,42,42,42,42,1
0,50,50,50,50,50,50,10
0,32,32,32,32,32,32,18
1,32,32,32,32,32,32,0
6,27,27,27,27,26,27,0
1,32,32,32,32,32,32,0
1,32,32,30,32,32,32,1
8,32,32,31,32,32,32,0
1,20,20,20,20,20,20,0
8,32,32,32,32,32,32,6
11,52,52,51,52,52,52,1
1,41,41,41,41,41,41,6
9,37,37,35,37,37,37,0
0,21,21,21,21,21,18,0
0,40,40,40,40,40,40,4
3,60,60,60,60,60,60,0
28,75,74,72,74,76,76,0
0,47,47,47,47,47,47,0
0,44,44,44,44,44,44,2
0,31,31,31,31,26,28,2
15,40,40,40,40,40,40,2
1,15,15,15,15,15,15,1
2,28,28,27,27,28,28,1
0,27,27,27,27,27,27,6
12,38,38,38,38,38,38,0
14,38,38,38,38,38,38,1
3,31,32,31,32,32,32,0
4,33,33,33,33,33,33,0
0,34,33,33,34,34,32,0
0,30,30,30,30,30,30,0
1,36,36,36,36,36,36,0
6,41,41,39,41,41,41,0
2,34,34,34,34,34,34,2
3,60,60,60,60,60,56,3
11,46,46,45,46,46,46,0
7,25,25,25,25,25,25,0
1,33,33,33,33,33,33,5
0,28,28,28,28,28,28,9
0,23,23,22,23,23,23,0
1,25,25,25,25,25,25,0
3,31,31,31,31,31,31,2
6,14,14,14,14,12,13,0
2,17,17,16,17,17,17,1
0,30,30,30,30,30,30,0
1,42,42,39,42,42,42,3
9,37,37,37,37,37,37,10
7,42,42,42,42,42,41,15
1,37,37,37,37,37,36,0
0,31,31,31,31,30,30,1
0,36,36,36,36,34,35,0
0,41,41,41,41,40,41,1
0,48,48,48,48,48,48,1
3,43,43,43,43,43,43,0
6,41,41,41,41,41,41,5
5,18,18,17,18,18,18,0
2,27,27,27,27,27,27,1
2,24,24,23,24,24,24,11
4,27,27,27,27,27,27,0
8,36,36,35,36,36,36,0
4,25,25,25,25,25,25,0
5,47,47,46,47,47,47,17
2,39,39,39,39,39,39,1
0,40,40,40,40,38,38,12
2,29,29,29,29,28,28,1
3,19,20,19,20,20,20,2
3,31,31,31,31,31,31,0
14,30,30,30,30,28,30,2
5,31,31,31,31,29,31,0
1,33,33,33,33,32,33,5
0,40,40,40,40,40,40,7
3,26,26,25,26,26,26,0
5,30,30,30,30,29,29,3
14,27,27,26,27,27,27,0
5,39,39,39,39,39,39,0
8,26,26,24,26,26,26,0
7,32,32,32,32,31,32,0
6,37,37,36,37,37,36,6
3,35,35,35,35,35,35,4
0,26,26,26,26,26,26,1
7,36,36,36,36,36,36,4
3,31,31,31,31,31,31,0
0,32,32,32,32,32,31,13
2,37,37,35,37,35,36,0
0,34,34,34,34,34,34,0
1,22,22,22,22,22,22,0
0,27,27,27,27,27,27,0
1,24,24,21,24,24,24,4
6,36,36,35,36,36,36,5
1,25,25,25,25,25,25,0
0,40,38,40,40,40,38,0
1,26,26,23,26,26,26,0
0,27,26,27,26,27,25,0
8,29,29,29,29,29,27,3
0,27,27,27,27,27,27,0
0,27,27,27,27,25,27,0
0,29,29,29,29,29,29,0
0,39,39,39,39,39,39,0
1,32,32,32,32,32,30,0
0,46,46,46,46,45,46,12
0,24,24,24,24,24,24,2
3,27,27,27,27,27,27,0
7,34,35,35,35,35,35,0
8,35,36,35,35,36,36,1
0,32,32,32,30,32,32,6
3,37,37,36,37,37,37,1
0,34,33,34,34,34,33,5
2,29,29,28,29,29,28,0
3,29,29,29,29,26,29,6
1,31,31,31,31,31,31,7
0,25,25,25,24,25,25,0
0,24,24,24,24,24,24,0
0,30,30,30,30,30,30,0
2,27,27,27,27,27,27,0
3,23,24,23,24,23,24,0
0,21,21,21,21,21,21,0
0,29,29,29,29,29,29,1
0,35,35,35,35,35,35,1
2,40,40,40,40,39,38,2
2,29,29,28,29,29,29,7
4,31,31,31,31,31,31,1
9,32,32,30,32,32,32,0
8,28,28,28,28,27,28,0
5,32,33,32,33,32,33,4
3,45,45,43,45,45,45,1
2,32,32,32,32,32,32,18
1,41,41,41,41,40,39,5
1,33,33,33,33,33,33,5
0,28,28,28,28,28,28,0
5,46,45,45,46,45,44,3
14,43,43,43,42,40,43,5
0,37,37,37,37,37,37,11
2,24,24,24,24,24,24,1
3,31,31,31,31,31,31,0
3,31,31,31,31,31,31,0
12,43,43,41,43,43,43,8
3,23,23,22,23,23,23,3
3,29,29,29,29,29,29,0
10,48,48,47,48,47,48,0
2,31,31,31,31,31,31,3
1,37,37,37,37,37,37,9
17,37,35,39,39,39,39,0
1,24,24,23,24,24,24,0
5,31,31,31,31,30,31,3
2,33,32,33,33,33,32,0
0,26,26,26,26,26,26,0
3,31,31,31,29,31,31,0
10,29,29,29,29,29,28,0
6,28,28,28,28,28,28,0
12,29,29,29,29,29,29,3
0,35,35,35,35,35,35,6
0,35,35,35,35,35,35,2
22,43,43,42,40,39,40,0
21,43,42,42,42,40,41,0
0,36,36,36,36,35,35,0
2,35,35,35,35,34,34,0
5,40,40,40,40,40,40,1
0,38,38,38,38,38,38,0
1,27,27,27,27,27,27,0
11,45,45,45,45,45,45,0
0,30,30,30,30,30,30,0
5,23,23,23,22,22,22,0
7,34,34,34,34,34,34,0
10,49,49,49,49,49,49,0
1,42,42,41,42,42,41,0
0,29,29,29,29,29,29,0
0,21,21,21,21,21,21,0
1,23,23,23,23,23,23,0
0,34,34,34,33,34,33,0
8,40,40,40,40,38,37,0
5,30,30,29,29,30,29,0
0,41,41,41,41,41,41,0
7,39,39,39,39,39,39,0
1,43,43,43,43,43,43,2
18,63,63,63,63,63,63,0
8,41,42,42,42,42,42,6
0,50,50,50,48,50,50,0
0,42,42,42,42,42,42,0
12,50,50,50,50,49,50,19
17,31,31,31,31,31,31,0
8,36,36,35,36,36,35,1
2,20,20,19,20,20,20,1
0,27,27,27,27,27,27,2
0,42,42,42,42,42,42,2
11,27,27,27,27,27,27,0
0,38,37,38,35,38,34,0
0,40,40,40,40,40,40,0
1,19,19,19,19,18,19,0
8,42,42,41,42,42,42,0
2,29,29,29,29,27,29,0
1,55,55,55,55,55,55,1
0,36,36,36,36,36,36,0
0,31,31,31,31,31,31,0
1,32,32,32,32,32,32,0
3,38,38,38,38,38,38,6
4,35,35,35,35,35,34,3
1,49,49,49,49,49,49,0
24,52,52,52,52,52,52,3
2,56,56,55,56,56,56,15
12,39,39,39,39,37,39,1
11,49,49,48,49,49,45,0
8,16,17,16,17,17,17,0
1,34,34,34,34,34,34,0
5,23,23,23,23,23,23,2
0,22,22,22,22,21,22,4
0,24,24,24,24,24,24,0
3,31,31,31,31,30,29,3
0,20,20,20,20,20,20,0
2,19,19,19,19,19,19,0
6,21,21,21,21,20,21,0
0,19,19,19,19,19,19,6
0,26,26,26,26,26,26,1
1,29,29,29,29,29,27,0
0,34,34,34,33,34,34,0
0,34,34,32,34,34,34,0
5,45,45,43,45,45,44,0
8,18,19,18,18,16,18,0
13,38,38,37,38,38,38,0
7,22,22,22,22,22,22,0
1,33,33,33,33,33,33,2
4,35,35,35,34,35,35,0
2,38,38,38,38,38,38,2
0,35,34,35,33,35,33,2
1,35,34,35,34,35,34,0
1,36,36,36,36,36,36,0
4,35,35,35,35,34,35,3
0,43,43,43,43,43,43,3
9,47,46,46,47,47,46,0
3,33,33,32,33,33,33,0
0,43,43,41,43,43,43,0
11,41,41,41,41,41,41,0
0,40,40,40,40,40,40,0
10,37,36,36,36,37,37,0
1,33,33,33,33,33,33,0
2,23,23,23,23,23,22,3
3,37,37,37,37,37,37,0
10,34,34,33,34,34,34,0
5,38,38,38,38,38,38,2
14,25,25,25,25,22,23,2
2,29,29,29,29,29,29,11
7,20,19,21,21,20,19,0
4,30,30,29,30,30,30,0
7,33,33,33,33,33,33,3
10,32,32,32,32,32,32,0
1,37,37,37,37,37,37,0
8,31,30,30,31,31,31,12
0,19,19,18,19,19,19,8
0,26,26,26,26,23,24,0
11,36,36,36,36,36,36,0
0,23,23,23,22,23,23,0
7,28,28,28,28,28,28,0
6,29,29,29,29,29,29,4
0,27,27,27,27,27,27,0
0,32,32,32,32,32,32,1
0,33,33,33,33,33,33,9
10,18,18,18,18,18,18,0
1,46,46,45,46,46,46,0
0,41,41,38,41,41,41,0
0,36,36,36,36,36,36,1
2,31,31,31,31,31,31,9
0,25,25,25,25,25,25,0
0,37,37,36,37,37,37,0
0,36,36,35,36,36,34,0
12,35,35,35,32,30,32,0
0,31,30,31,31,31,31,6
3,21,21,21,21,21,21,0
2,41,41,41,41,41,41,0
4,30,30,30,30,30,30,0
4,39,39,37,39,39,39,0
4,42,42,42,42,42,42,7
1,36,36,36,36,36,36,0
0,34,34,34,34,34,34,0
0,25,25,25,25,25,25,1
0,31,31,31,31,31,28,1
0,46,46,46,46,46,46,0
0,36,36,36,36,36,34,0
0,31,31,31,31,31,31,0
6,29,29,29,29,29,29,0
5,29,29,29,28,28,28,0
2,43,43,43,43,43,43,0
3,37,37,37,37,37,37,0
8,32,32,32,32,32,32,0
0,27,26,27,27,27,25,0
0,25,25,25,25,25,25,2
1,26,26,25,25,26,26,0
5,17,17,16,18,18,17,0
0,17,17,17,17,17,17,3
0,32,32,32,32,32,32,0
0,23,23,23,23,23,23,0
20,38,38,38,38,38,38,0
0,23,23,23,23,23,23,1
0,31,31,31,31,31,31,7
4,31,31,31,31,31,31,3
8,39,39,39,39,39,39,1
7,32,32,32,32,32,32,3
5,36,36,34,35,36,36,0
7,35,35,35,35,35,35,0
7,27,27,27,27,27,27,3
0,36,36,36,35,36,36,4
0,37,37,37,36,37,37,0
7,33,33,33,33,33,33,1
9,25,24,23,24,24,23,0
9,33,33,33,33,33,33,2
5,36,36,36,36,36,36,4
2,49,49,49,47,49,49,1
0,30,30,30,30,30,30,1
16,47,47,47,47,47,47,2
1,46,46,46,46,46,46,5
9,43,43,43,43,43,43,18
4,35,35,34,34,35,35,0
2,52,52,52,52,52,52,0
1,39,38,39,38,38,38,0
0,31,31,31,31,30,28,0
2,28,28,28,28,28,28,0
14,30,31,31,31,31,31,0
2,27,27,27,27,27,26,0
0,31,31,31,31,30,30,0
3,27,27,26,27,27,27,0
6,35,35,35,35,35,35,9
0,30,30,30,30,30,30,1
0,38,38,38,38,38,35,0
0,28,28,28,28,27,28,0
0,24,24,24,24,24,23,0
5,29,29,29,29,27,29,4
6,44,44,44,44,44,44,7
12,44,44,44,44,44,44,0
1,50,50,50,50,50,50,17
10,52,52,52,51,52,52,8
7,29,29,29,29,29,28,0
3,28,28,28,28,28,28,6
5,36,36,36,36,36,36,0
0,33,33,33,33,33,33,0
0,36,36,36,36,36,36,12
0,28,28,28,28,28,28,6
5,37,36,37,37,36,35,0
9,30,31,31,31,31,31,0
0,49,49,49,49,45,49,1
5,51,52,52,52,52,52,3
18,44,44,43,44,43,44,1
0,35,35,35,35,35,35,4
0,37,37,37,37,37,37,1
0,37,37,37,37,37,37,0
0,32,32,32,32,32,32,0
5,46,46,46,45,46,46,0
0,37,37,37,37,37,37,3
0,26,26,26,25,26,23,1
0,32,31,32,32,32,32,0
10,51,51,51,51,51,51,19
16,60,59,61,61,60,61,1
0,38,38,38,38,38,38,0
5,34,34,34,34,34,33,0
4,28,28,28,28,28,28,0
0,39,39,39,39,39,39,1
0,35,35,35,35,35,35,0
0,47,47,47,47,47,47,8
1,28,28,28,28,28,28,8
3,28,28,28,28,28,28,0
1,36,36,36,35,36,36,0
6,27,27,27,27,27,27,1
7,33,33,33,33,32,33,0
2,38,38,38,38,37,38,0
5,22,22,22,22,20,20,0
10,33,33,33,33,33,33,0
10,40,40,40,40,40,40,0
0,34,34,34,34,34,34,1
3,33,33,32,32,32,33,0
3,24,24,24,24,24,24,0
10,27,27,27,27,27,26,1
7,19,19,19,19,19,19,0
14,34,34,34,34,34,34,0
3,45,45,45,45,44,42,1
2,28,28,28,28,28,28,3
7,21,21,21,20,21,21,0
3,29,29,29,29,29,29,0
2,44,44,44,44,44,44,0
0,48,48,48,48,48,48,2
0,31,31,31,31,31,31,4
11,36,35,36,36,34,34,2
4,28,28,28,28,28,28,0
0,34,34,34,34,34,33,0
9,26,26,26,26,26,26,0
10,28,28,28,28,28,28,5
8,32,32,32,32,32,32,2
8,48,48,47,48,48,48,3
12,39,38,39,39,38,38,0
3,40,40,40,40,40,39,0
5,31,31,31,31,31,31,0
1,30,30,30,30,30,30,0
3,41,41,41,41,41,41,16
1,32,32,32,32,32,32,0
1,22,22,22,22,22,21,0
0,26,26,26,26,24,25,0
2,27,27,27,27,26,27,0
24,48,48,48,48,47,46,1
12,47,45,47,47,46,45,3
2,34,34,34,34,33,34,1
0,37,37,37,36,37,36,0
1,24,24,24,24,23,24,0
8,27,27,27,27,27,27,1
0,29,29,29,29,28,28,0
2,22,22,22,22,21,21,0
0,31,31,31,31,31,29,1
3,30,30,30,30,29,30,0
11,41,41,41,41,37,38,0
1,27,27,27,27,27,27,0
0,24,24,24,24,24,23,0
1,32,32,32,32,32,31,0
0,29,29,29,29,29,29,0
0,36,36,36,36,36,36,1
3,30,30,30,30,30,30,3
0,23,23,23,23,23,23,0
7,47,47,47,47,47,47,2
0,41,41,41,41,41,41,0
0,33,33,33,33,33,33,0
2,34,34,34,34,34,34,0
0,26,26,26,26,26,26,2
0,46,46,46,46,46,45,25
0,51,51,50,51,51,51,0
3,45,45,44,45,45,45,8
1,27,27,27,27,27,27,3
3,29,28,28,29,29,28,0
2,12,12,12,12,11,12,0
3,40,40,38,40,39,40,0
1,41,41,41,41,40,41,0
1,39,39,38,39,37,39,0
1,29,29,29,29,29,29,0
0,32,32,32,32,32,32,0
0,37,37,37,37,36,37,1
0,29,29,29,29,28,28,0
0,27,27,27,27,27,27,0
0,32,32,32,32,32,30,0
0,24,24,24,24,24,24,0
0,26,26,26,26,24,25,0
0,35,35,35,35,35,35,16
0,23,22,23,23,23,22,1
0,20,20,20,20,19,20,8
0,23,23,23,23,22,23,0
0,15,15,15,15,15,15,0
2,25,25,25,25,25,25,0
0,17,17,17,17,17,17,0
2,27,27,26,27,27,27,2
0,41,41,41,41,41,41,14
7,42,42,41,42,42,42,3
3,19,19,19,19,19,19,2
3,31,31,31,31,29,31,0
0,30,30,30,30,30,30,5
3,30,30,30,30,30,30,15
9,33,35,35,35,32,35,10
3,39,39,39,39,39,39,4
5,33,33,33,32,33,32,1
2,31,31,31,31,31,31,0
1,36,36,36,36,36,36,0
3,30,29,30,30,30,29,0
22,48,49,48,49,48,48,2
12,52,54,51,54,52,53,0
1,34,34,34,34,34,34,0
0,29,29,29,29,29,29,5
0,39,39,39,39,39,39,10
2,33,33,33,33,33,33,2
1,45,45,45,45,44,45,3
6,36,36,36,36,35,36,1
9,28,28,28,28,28,28,0
5,42,42,42,42,41,42,18
0,25,25,25,25,24,25,0
1,43,43,43,43,40,42,16
0,31,31,31,31,31,31,0
11,36,36,36,36,36,36,3
6,27,27,27,27,26,27,6
2,19,19,19,19,19,19,0
6,22,22,22,22,22,22,0
3,27,27,27,27,27,27,0
12,60,60,59,60,60,60,0
12,35,35,35,35,35,35,0
0,12,12,12,12,12,12,0
8,29,30,30,30,30,29,0
3,22,22,22,22,22,22,0
9,65,65,65,65,65,65,0
0,36,36,35,36,36,36,4
3,34,34,34,34,33,34,0
0,30,30,30,30,30,30,3
6,37,37,37,37,37,37,2
1,38,38,38,38,38,38,3
11,37,37,36,37,37,37,0
4,26,26,26,26,26,26,0
0,25,25,25,25,25,25,0
1,33,33,33,33,33,33,0
10,19,21,21,21,18,19,0
0,28,28,28,28,27,28,15
0,20,20,20,20,20,20,5
0,21,21,21,21,21,21,3
1,25,25,25,25,25,25,2
2,28,28,28,28,27,26,2
0,44,44,44,44,42,44,15
8,34,34,34,34,34,32,0
16,39,39,39,39,38,39,0
2,34,34,34,34,33,33,0
1,31,31,30,31,30,31,0
19,49,50,47,49,48,47,4
5,43,43,43,43,43,42,0
12,44,44,44,44,41,43,0
24,48,48,48,48,46,48,0
5,51,51,51,51,51,51,0
1,28,28,28,28,28,28,0
8,25,25,25,25,25,25,0
11,68,69,67,69,69,69,21
5,52,52,51,52,51,52,3
3,33,33,33,33,33,33,4
4,50,50,50,50,50,50,12
2,32,32,32,32,30,32,0
0,18,18,18,18,18,18,1
0,44,44,44,44,41,44,11
0,35,35,35,35,35,35,11
15,73,73,73,73,73,73,0
15,55,55,55,55,55,55,0
6,37,37,37,37,35,36,0
2,23,23,23,23,23,23,0
0,23,23,23,23,23,23,1
1,21,21,21,21,21,21,0
0,22,22,22,22,22,22,1
2,37,37,37,37,36,36,0
0,43,43,43,41,42,43,0
3,31,31,31,31,31,31,0
4,24,24,24,24,24,24,0
0,30,30,30,30,28,30,0
8,27,27,27,27,26,27,0
8,29,29,29,29,29,29,7
18,46,46,46,46,46,45,2
1,26,26,26,26,26,26,3
1,34,34,34,34,32,32,0
0,35,35,35,35,34,35,10
1,35,35,35,35,34,35,1
3,31,32,32,32,29,32,1
5,32,32,32,32,32,32,4
4,35,35,35,34,35,35,0
6,30,30,30,30,30,29,0
8,43,43,43,43,43,43,0
2,42,42,42,42,42,41,0
2,30,30,29,30,30,30,0
2,26,26,26,26,26,25,0
1,31,31,31,31,31,31,0
2,33,33,33,33,33,33,0
2,25,25,25,25,25,25,0
17,32,33,31,32,33,33,0
9,39,39,39,39,39,39,0
0,44,44,44,44,44,44,0
2,30,30,30,30,30,30,3
4,41,41,41,41,41,41,2
8,32,32,32,32,32,32,0
0,46,46,46,46,46,46,3
0,33,33,33,33,33,33,1
8,26,26,26,26,26,26,0
5,37,37,37,37,35,35,0
0,23,23,23,23,22,23,0
0,19,19,19,19,19,19,4
7,27,27,27,27,27,27,0
1,31,31,31,31,30,31,0
2,26,26,25,25,24,26,0
0,35,35,35,35,35,35,0
1,22,22,22,22,22,22,0
2,23,23,23,23,22,22,0
1,34,34,34,34,31,33,0
0,26,26,26,26,26,25,0
0,28,28,28,28,28,28,0
0,37,37,37,37,36,37,0
2,29,29,29,29,27,28,0
5,37,37,37,37,37,37,0
2,37,37,37,37,37,37,0
1,25,25,25,25,25,25,0
4,31,32,31,31,30,31,0
8,36,35,34,36,36,34,0
7,41,41,41,41,40,41,0
3,19,19,19,19,19,19,1
0,22,22,22,22,21,22,1
0,30,30,30,30,30,30,7
0,21,21,21,21,21,21,0
0,27,27,27,27,27,27,3
0,26,26,26,26,26,26,0
14,36,36,36,36,36,36,0
3,26,26,26,26,26,26,0
0,25,25,25,25,25,25,5
3,29,29,28,29,29,29,0
6,25,27,25,27,25,26,0
5,26,26,26,26,26,26,0
0,24,24,24,24,23,23,0
1,29,30,28,30,27,30,8
4,31,31,31,31,31,29,0
6,30,30,30,30,30,29,0
0,31,31,31,31,30,31,6
0,39,39,39,39,38,39,8
0,26,26,26,26,26,26,3
0,30,30,30,30,30,30,0
0,33,33,33,33,32,33,10
0,25,25,25,25,25,25,10
1,28,28,28,28,28,28,0
2,36,36,36,36,35,36,1
1,27,27,27,27,26,27,0
0,22,22,22,22,21,21,2
0,54,54,54,54,54,54,30
0,35,35,35,35,34,35,5
2,35,35,35,35,35,35,0
1,34,34,34,34,34,34,2
0,28,28,28,28,28,28,12
3,29,29,29,29,29,29,5
5,26,26,26,26,25,26,3
0,34,34,34,34,34,34,10
6,43,43,43,43,43,43,9
0,35,35,35,35,35,35,12
2,32,32,32,32,32,32,0
4,29,29,29,29,29,29,1
1,27,27,27,27,27,27,9
13,31,31,31,30,31,31,0
13,37,37,37,37,35,37,2
0,36,36,36,36,36,36,0
1,34,34,33,34,34,34,0
0,31,31,31,31,31,31,0
0,31,31,31,31,28,30,0
0,29,29,29,29,28,29,0
3,36,36,36,36,36,35,0
4,33,33,33,33,33,33,3
0,42,42,42,42,41,41,0
0,27,27,27,27,27,27,0
1,27,27,27,27,27,27,2
0,36,36,36,36,36,36,14
0,40,40,40,40,39,40,12
7,33,33,33,33,32,33,0
3,48,48,48,48,48,48,0
1,49,49,49,49,49,48,3
0,66,66,66,66,64,66,25
0,75,75,75,75,73,75,26
3,43,43,43,43,41,43,0
2,53,53,53,53,53,52,0
0,49,49,49,49,49,48,0
1,33,33,33,33,33,33,14
0,37,37,37,37,37,36,0
0,41,41,41,41,41,41,0
0,32,32,32,32,32,32,3
0,35,35,35,35,35,35,5
0,32,32,32,32,32,32,8
6,21,21,21,21,20,21,0
3,21,21,21,21,21,21,4
0,30,30,30,30,30,30,3
0,24,24,24,23,24,24,1
4,34,34,34,34,34,34,3
3,25,25,25,25,25,24,3
6,21,22,20,22,22,22,0
5,41,41,41,41,41,41,0
2,40,40,40,40,40,40,4
4,40,40,40,40,36,36,4
2,33,33,33,33,33,32,1
14,39,39,38,39,39,39,13
6,31,31,31,31,31,31,13
4,40,40,40,40,40,40,0
20,39,39,39,39,39,39,0
5,28,28,28,28,28,28,1
2,33,33,33,33,33,33,3
0,28,28,28,28,28,27,0
0,17,17,17,17,17,17,0
12,54,54,54,54,54,54,19
11,54,54,52,54,54,52,3
1,24,24,24,24,24,24,0
21,50,50,50,50,50,50,11
1,30,30,30,30,30,30,5
20,44,44,44,44,42,44,0
29,63,63,66,66,66,66,14
13,51,51,51,51,50,51,19
0,31,31,31,31,31,31,0
0,36,36,36,36,36,36,8
16,50,50,48,50,50,50,7
0,35,35,35,35,35,35,0
7,53,53,52,53,53,53,7
7,62,62,62,62,62,62,6
0,41,41,41,41,41,41,2
0,48,48,48,48,48,48,0
0,32,32,32,32,32,32,0
1,19,19,19,19,19,19,5
4,23,22,23,23,23,22,0
7,42,41,42,42,42,42,2
0,39,39,39,39,39,39,0
0,28,28,26,28,28,28,0
1,24,24,24,24,24,24,9
7,33,33,33,33,33,31,0
10,36,36,36,36,36,35,0
5,36,36,36,36,36,36,1
7,24,24,24,24,24,24,7
1,25,25,25,24,25,25,5
0,42,42,42,42,42,42,0
0,40,40,40,40,40,40,9
9,18,18,18,18,18,18,0
0,10,10,10,10,10,10,0
1,34,34,34,34,34,33,1
7,26,26,26,26,26,26,2
0,16,16,16,16,16,16,2
1,39,39,39,39,39,38,7
0,34,34,34,34,34,34,0
7,38,40,37,39,38,40,0
8,30,31,29,31,30,31,0
0,20,20,20,20,20,20,0
0,22,22,22,22,22,22,0
3,37,37,37,37,37,36,0
9,50,50,50,50,50,49,0
0,28,28,28,28,28,28,2
2,26,26,26,26,26,26,2
0,20,20,20,20,20,20,0
0,42,42,42,42,42,42,16
2,49,49,49,49,49,49,2
1,31,31,31,31,31,31,0
7,37,37,37,37,37,37,4
1,41,41,41,41,41,41,0
0,23,23,23,23,23,23,1
1,42,42,41,42,42,42,1
2,42,42,41,42,42,42,0
3,25,26,25,26,26,25,0
3,28,28,27,28,28,26,3
8,51,51,51,51,51,51,9
0,37,37,37,37,37,37,12
0,30,30,30,30,30,30,0
0,23,23,23,23,23,23,2
2,23,23,23,22,23,23,5
3,26,26,26,26,26,26,0
0,24,24,24,24,24,23,0
1,28,28,28,28,28,27,0
2,27,27,27,27,27,26,0
1,27,27,27,27,27,27,8
1,32,32,32,32,32,32,3
0,37,37,37,37,37,37,9
0,18,18,18,18,18,18,0
2,20,20,20,20,20,20,0
8,45,45,45,45,45,43,8
2,55,55,55,55,55,55,15
0,39,39,39,39,39,39,1
1,32,32,32,32,32,32,5
0,42,42,42,42,42,42,10
0,44,44,44,44,44,44,11
2,45,45,45,45,45,45,0
0,42,42,42,42,42,42,1
1,33,33,33,33,33,33,8
0,31,31,31,31,31,31,0
10,28,28,28,28,24,28,0
0,21,21,21,21,19,20,0
0,31,31,31,31,30,31,0
1,29,29,29,29,29,29,0
1,36,36,36,36,36,36,0
0,31,31,31,31,31,31,10
0,29,29,29,29,28,27,6
0,28,28,28,28,26,26,0
0,22,22,22,22,22,22,0
0,34,34,34,34,34,34,1
0,20,20,20,20,20,20,3
0,22,22,22,22,22,22,6
3,31,31,31,31,31,31,0
7,34,34,34,32,34,31,0
11,44,44,44,44,41,42,0
13,33,33,33,33,32,33,0
0,17,17,17,17,16,17,0
0,29,29,29,29,29,29,0
8,35,35,35,35,32,35,8
1,50,50,50,50,50,48,19
0,28,28,28,28,28,28,8
2,20,20,20,20,19,19,0
14,34,34,34,34,34,33,1
11,42,42,42,42,42,40,0
0,41,41,41,41,41,41,3
2,42,42,41,42,42,42,6
0,49,48,49,49,49,49,8
5,40,40,40,40,40,40,2
13,52,52,52,52,52,52,5
0,27,27,27,27,27,27,9
3,28,28,28,28,28,28,7
0,40,40,40,40,40,40,6
13,43,43,43,43,43,43,0
2,33,33,33,33,32,33,1
1,24,24,24,24,24,24,5
2,23,23,23,23,23,23,4
0,53,53,53,53,53,53,0
1,28,28,27,28,28,28,2
5,25,25,25,25,23,23,0
4,59,59,59,59,59,57,8
1,46,46,46,46,46,46,8
0,29,29,29,29,29,29,3
0,45,45,45,45,45,44,13
0,41,41,41,41,41,41,9
0,39,39,39,39,39,39,0
0,41,41,41,41,40,40,7
0,26,26,26,26,23,23,3
0,32,32,32,32,32,32,1
4,38,38,38,38,38,38,5
2,46,46,46,46,46,45,0
0,40,40,40,40,40,40,2
1,31,31,31,31,31,31,3
0,34,34,34,33,34,33,3
1,29,29,29,29,29,29,0
2,32,32,32,32,32,32,0
0,45,45,45,45,45,45,7
0,41,41,41,41,41,41,9
8,37,37,37,37,37,37,0
2,29,29,29,29,29,29,0
0,36,36,36,36,36,36,0
1,38,38,38,38,38,38,8
0,35,35,35,35,35,35,0
0,28,28,28,28,28,28,1
0,26,26,26,26,25,25,6
0,31,31,31,31,31,31,0
12,38,38,38,38,36,38,0
11,53,53,53,53,52,53,2
0,30,30,30,30,30,30,0
4,23,23,23,23,23,23,1
2,40,40,40,40,35,37,0
4,27,27,27,27,27,26,0
3,27,27,27,27,27,27,2
3,27,27,27,27,27,27,0
3,28,28,28,28,28,28,0
0,22,22,22,22,22,22,2
0,39,39,39,39,39,39,10
0,41,41,41,41,41,40,17
3,32,32,32,32,32,32,1
5,46,46,43,46,46,45,1
5,63,63,63,63,63,62,3
3,34,34,34,34,34,34,0
0,43,43,43,43,43,41,0
0,27,27,27,27,27,26,6
1,20,20,20,19,20,20,5
9,33,33,33,33,33,33,0
1,36,36,36,36,36,36,0
1,26,26,26,26,26,26,0
0,32,32,32,32,32,32,1
16,36,36,36,36,36,36,2
16,39,39,39,39,37,39,1
0,45,45,45,45,45,45,1
4,40,40,40,40,40,40,5
0,49,49,49,49,49,49,24
1,27,27,27,27,27,27,3
3,22,22,22,22,22,22,2
5,31,31,31,31,31,31,0
0,29,29,29,29,29,29,0
1,25,25,25,25,25,25,0
0,28,28,28,28,28,28,14
0,17,17,16,17,17,17,4
3,25,25,25,25,25,25,10
0,15,15,15,15,15,15,5
0,31,30,31,31,31,29,5
0,40,40,40,40,40,40,0
0,37,37,37,37,37,37,10
0,41,41,41,41,39,40,0
11,36,36,36,36,34,36,0
4,32,32,32,32,31,31,14
11,45,45,45,45,45,45,2
5,32,32,32,32,32,32,0
2,42,42,42,42,42,41,0
13,53,53,53,53,53,51,7
0,46,46,46,46,46,46,23
0,31,31,31,31,31,31,1
0,24,24,24,24,24,23,1
0,25,25,25,25,25,25,0
0,25,25,25,25,25,25,0
0,42,42,42,42,42,42,0
13,31,31,31,31,31,31,0
0,27,27,27,27,26,26,3
1,33,33,33,33,33,33,6
1,30,30,30,30,30,30,0
7,30,30,30,30,30,30,0
10,26,26,26,26,26,26,0
2,29,29,29,29,29,29,4
2,41,41,41,41,41,41,0
0,35,35,35,35,35,35,0
2,28,28,28,28,28,28,7
7,35,35,35,35,35,35,4
3,23,23,23,23,23,23,2
0,19,19,19,19,19,19,0
0,30,30,30,30,30,30,12
1,28,28,28,28,28,27,4
7,28,28,27,28,28,28,0
1,35,35,35,35,35,33,7
14,51,51,51,51,49,50,13
5,40,40,39,40,39,39,0
0,19,19,19,19,19,19,0
2,21,21,21,21,21,20,0
10,32,32,31,32,32,32,0
1,20,20,20,20,20,20,0
2,30,30,30,30,30,30,2
1,30,30,30,30,30,28,0
0,47,47,47,47,47,46,24
6,44,44,44,44,44,43,7
3,33,33,33,33,33,33,0
11,32,32,32,32,29,31,0
0,35,35,35,35,35,35,1
2,32,32,32,32,32,32,0
0,18,18,18,18,18,18,8
1,27,27,27,27,27,27,18
0,20,20,20,20,20,20,5
1,28,28,28,28,28,28,0
0,26,26,26,26,26,24,4
0,38,38,38,38,38,38,0
0,58,58,58,58,58,58,0
1,35,35,35,35,35,35,0
7,31,31,31,31,31,31,1
2,39,39,39,39,38,38,0
7,35,35,35,35,31,35,0
2,34,34,33,34,34,34,0
7,39,39,38,39,39,39,12
4,36,36,36,36,36,36,0
0,38,38,38,38,38,37,0
0,26,26,26,26,26,25,0
0,43,43,43,43,43,43,0
0,39,39,39,39,39,39,0
0,23,23,23,23,23,23,2
1,27,27,27,27,27,27,0
0,33,33,33,33,33,33,4
1,26,26,26,26,26,26,0
1,31,31,31,31,31,31,3
0,47,47,47,47,47,47,1
4,39,39,39,39,39,39,7
8,38,38,38,38,38,38,5
10,39,39,37,39,39,39,0
0,18,18,18,18,18,18,0
1,36,36,36,36,36,36,0
0,40,40,40,40,40,40,6
0,25,25,25,25,25,25,0
0,12,12,12,12,12,12,0
10,38,38,37,38,33,38,0
0,25,25,25,25,25,25,0
1,34,34,34,34,34,33,0
1,27,27,27,27,27,27,1
0,28,28,28,28,28,28,0
0,31,31,31,31,31,31,8
2,30,30,30,30,30,30,11
0,31,31,31,31,31,31,0
6,32,32,32,32,32,32,0
0,27,27,27,27,27,27,3
0,20,20,20,20,20,20,5
2,26,26,25,26,26,26,0
0,22,22,22,22,22,22,10
0,24,24,24,24,24,24,1
0,24,24,23,24,24,24,0
2,25,25,24,25,25,25,0
1,32,32,32,32,32,32,1
0,26,26,26,26,26,26,3
0,43,43,43,43,43,43,0
0,22,22,22,22,22,22,0
0,36,36,36,36,36,36,0
0,30,30,30,30,30,30,0
0,55,55,55,55,55,55,23
0,60,60,60,60,60,60,14
2,36,36,36,36,36,36,12
0,31,31,31,31,31,31,0
0,26,26,26,26,26,26,0
0,43,43,42,43,43,43,0
0,42,42,42,41,41,42,0
0,29,29,29,29,29,29,3
0,17,17,17,16,17,17,0
4,41,41,41,41,41,41,0
9,36,36,36,36,36,36,0
0,56,56,56,56,56,56,2
10,41,41,41,41,41,41,1
6,29,29,29,29,27,29,0
0,39,39,37,39,39,39,0
0,29,29,29,29,29,29,2
5,30,31,31,30,30,31,1
4,17,17,17,17,17,16,0
0,29,29,29,29,29,29,3
3,42,42,42,42,42,42,5
0,42,42,42,42,42,42,8
0,56,56,56,56,53,56,0
0,42,42,42,42,42,41,0
7,40,40,40,40,40,39,0
1,40,40,40,40,40,40,0
1,35,35,35,35,35,34,6
6,52,52,52,52,52,52,16
0,43,43,43,43,43,43,12
0,39,39,39,39,39,39,3
2,39,39,39,39,39,39,0
0,37,37,37,37,37,37,2
1,36,36,36,36,36,36,6
0,25,25,25,25,25,24,7
1,29,29,29,29,29,29,0
2,46,46,46,46,46,46,2
3,35,35,35,35,35,35,1
2,24,24,24,24,24,23,0
6,27,27,27,27,27,27,0
4,23,23,23,23,23,23,4
5,39,39,39,39,39,39,7
2,33,33,31,33,33,33,0
0,27,27,27,27,27,27,0
0,41,41,41,41,41,40,3
1,29,29,29,29,29,29,0
9,29,29,29,29,26,27,2
2,30,30,30,30,30,30,1
5,37,37,37,37,37,37,0
0,43,43,43,43,43,43,0
0,39,39,39,39,38,39,0
2,12,13,11,13,13,13,0
4,20,20,20,20,20,20,0
1,33,33,33,33,33,33,4
2,35,35,35,35,35,35,16
3,45,45,45,45,45,45,0
8,26,26,25,27,25,26,4
2,33,33,33,33,33,33,8
2,33,33,33,33,33,33,0
0,38,38,38,38,38,38,1
0,42,42,42,42,42,42,14
1,37,37,37,37,37,37,1
0,40,40,40,40,40,40,10
0,43,43,43,43,43,43,19
0,34,34,34,34,34,34,12
0,26,26,26,26,26,26,13
0,33,33,33,33,33,33,12
0,26,26,26,26,26,26,0
6,33,33,33,33,33,33,0
5,17,17,17,17,17,17,0
0,35,35,35,35,35,35,19
1,37,37,37,37,37,37,12
0,27,27,27,27,27,27,10
0,37,37,37,37,37,37,6
0,36,36,36,36,36,36,7
0,25,25,25,25,25,25,0
5,22,22,22,22,21,22,0
2,72,72,72,72,72,72,0
4,55,55,55,55,53,55,14
0,39,39,39,39,38,39,13
0,30,30,30,30,30,30,10
7,26,26,26,26,26,26,0
0,23,23,23,23,23,23,0
0,30,30,27,30,30,30,0
4,35,35,34,35,35,35,0
2,26,26,26,25,26,26,0
1,24,24,24,24,24,24,0
0,30,30,30,30,30,30,0
0,24,24,24,24,24,24,0
3,25,25,25,25,25,25,0
0,37,37,37,37,37,37,0
0,39,39,39,39,39,39,0
0,30,30,30,30,30,30,4
4,28,28,28,28,26,27,2
2,29,29,29,29,28,29,6
6,44,44,44,44,44,44,0
23,48,48,48,48,48,48,0
5,37,37,37,37,37,36,6
7,55,55,55,55,55,55,10
2,56,56,56,56,56,56,14
6,42,42,42,42,42,42,0
18,34,35,35,35,34,35,0
0,22,22,22,22,22,22,2
2,21,21,21,20,21,21,0
8,30,30,30,30,30,30,8
1,21,21,21,21,21,21,0
1,25,25,25,25,25,25,3
8,35,35,35,35,35,35,0
0,24,24,24,24,24,24,0
0,27,26,27,26,27,26,0
0,32,32,32,32,32,32,4
0,29,29,29,29,29,29,9
6,38,38,38,38,38,38,3
0,34,34,34,34,34,34,1
0,30,30,30,30,30,30,7
1,27,27,27,27,27,27,4
3,37,37,36,36,37,37,6
5,42,42,42,42,42,42,0
0,32,32,32,31,32,32,0
2,33,33,33,33,33,33,9
4,43,44,44,44,44,44,8
6,34,34,34,34,34,34,16
0,27,27,27,27,27,27,14
2,45,45,45,45,45,45,10
0,39,39,39,39,39,39,0
0,34,34,34,34,34,34,2
0,32,32,31,32,32,32,12
0,30,30,29,30,30,30,0
2,30,30,30,30,30,30,0
1,29,29,29,29,29,29,0
0,36,36,34,35,36,36,0
6,34,34,34,34,34,34,0
18,37,37,37,37,37,35,0
5,26,26,25,27,27,27,0
0,47,47,47,45,47,47,0
1,31,31,31,31,31,31,2
0,31,31,31,31,31,31,0
0,53,53,53,53,53,53,32
11,52,53,49,53,53,53,10
8,35,35,35,35,33,34,0
1,39,39,39,39,39,39,9
0,40,40,40,40,40,40,7
0,39,39,39,39,39,38,11
0,39,37,39,39,39,39,0
9,42,42,42,42,41,41,6
2,23,23,23,23,22,23,0
0,30,30,30,30,30,30,0
0,28,28,28,28,28,27,0
0,26,26,26,26,26,26,1
2,36,36,36,36,36,36,1
8,40,40,40,40,39,40,0
0,55,55,55,55,54,53,3
0,48,48,48,48,48,48,6
13,41,41,41,41,41,41,0
4,42,42,42,42,42,42,0
0,40,40,40,40,40,39,3
1,30,30,30,30,30,29,0
0,29,29,29,29,26,29,1
0,36,36,36,36,36,36,0
2,32,32,32,32,32,32,0
12,35,35,35,35,34,35,6
2,36,36,36,36,36,36,18
10,37,37,37,37,37,37,0
0,36,36,36,36,35,36,0
0,24,24,24,24,24,24,0
0,23,23,23,23,23,23,1
0,19,19,19,19,19,19,2
4,41,41,41,41,41,41,15
1,43,43,43,43,40,43,1
0,40,40,40,40,40,40,1
6,45,45,45,45,45,45,0
0,41,41,41,41,41,41,9
0,48,48,48,48,48,48,5
0,41,41,41,41,41,41,12
11,30,30,30,29,28,28,0
0,31,31,31,31,29,30,0
6,38,38,38,38,38,37,0
0,40,40,40,40,40,40,0
0,30,30,30,30,30,30,0
0,29,29,29,29,29,29,0
0,40,40,40,40,40,40,0
0,29,29,29,29,29,29,0
0,31,31,31,31,29,30,0
1,37,37,37,37,37,37,0
0,49,49,49,49,49,49,0
0,40,40,40,40,40,40,0
1,39,39,39,39,39,39,6
0,41,41,41,41,41,41,11
2,33,33,33,33,33,33,2
0,29,29,29,29,29,27,0
16,42,42,42,42,42,42,1
12,39,39,39,39,39,39,0
4,37,37,37,37,37,37,0
4,33,33,33,32,33,33,0
4,36,36,37,37,37,36,0
22,63,63,63,63,63,63,13
15,64,65,65,65,63,65,8
11,30,30,30,30,30,30,14
3,24,24,24,24,24,24,10
9,46,46,46,46,46,46,32
13,57,57,57,57,57,57,22
3,53,53,53,53,53,53,34
4,37,37,37,37,37,37,15
5,23,23,23,23,22,23,12
3,28,28,28,28,28,28,15
0,29,29,29,29,29,29,24
0,50,50,50,50,50,50,24
4,31,31,31,31,31,31,15
6,19,19,19,19,19,19,8
1,20,20,20,20,20,20,7
0,44,44,44,44,44,44,35
0,39,39,39,39,39,39,20
0,39,39,39,39,39,39,14
2,26,25,24,26,26,25,10
2,39,38,39,38,39,39,13
0,56,56,56,56,56,56,24
1,40,40,40,40,40,40,25
0,27,27,27,27,27,26,9
0,28,28,28,28,28,28,11
2,37,37,37,37,37,37,15
0,27,27,27,27,27,27,7
1,25,25,25,25,25,25,12
0,30,30,30,30,30,30,13
0,24,24,24,24,24,24,16
0,17,17,17,17,17,17,7
1,23,23,23,22,23,23,8
7,26,26,26,26,26,26,9
4,24,24,24,24,24,23,7
0,28,28,28,28,27,28,10
3,33,34,34,34,34,31,12
5,36,36,36,36,36,35,16
1,47,47,47,47,47,47,21
7,32,32,30,32,32,32,12
0,35,35,35,35,35,35,12
0,36,36,36,36,36,36,15
0,57,57,57,57,57,57,44
1,47,47,47,47,47,47,40
0,52,52,50,52,52,52,22
0,33,33,33,33,32,29,12
2,44,44,44,44,44,44,14
16,49,49,49,49,49,49,16
0,36,36,36,36,36,36,15
1,43,43,43,43,43,41,15
1,58,58,58,58,58,58,39
0,36,36,36,36,36,36,23
2,41,41,41,41,41,41,22
4,46,46,41,46,46,46,17
11,34,34,34,34,34,34,13
2,49,49,49,49,49,49,36
0,40,40,40,40,40,40,18
6,29,29,29,29,29,29,17
3,40,40,40,40,40,40,14
0,26,26,26,26,26,26,11
0,33,33,33,33,33,33,15
0,24,24,24,24,24,24,20
0,33,33,33,33,33,33,16
1,55,55,55,55,55,55,41
22,68,69,68,69,65,69,20
0,40,40,40,40,38,40,15
0,28,28,28,28,28,28,12
2,35,35,35,35,35,35,16
0,36,36,36,36,36,35,14
0,45,44,45,44,45,44,19
2,51,51,51,51,51,50,33
0,30,30,30,30,30,30,18
0,36,36,36,36,36,36,10
0,28,28,28,28,28,28,11
0,41,41,41,41,41,41,18
0,37,37,37,37,37,37,17
5,33,33,33,33,33,33,8
5,39,39,39,39,39,39,29
1,37,37,37,37,37,37,8
1,25,25,25,25,25,25,8
1,33,33,33,33,33,33,13
0,33,33,33,33,33,33,18
0,40,40,40,40,40,40,16
1,27,27,27,27,27,27,14
2,27,27,27,27,27,27,8
1,29,29,29,29,29,29,15
0,56,56,56,56,56,56,49
0,56,56,56,56,56,56,40
2,33,33,33,33,33,33,29
8,31,32,31,32,32,32,11
6,27,27,27,27,26,26,6
0,28,28,28,28,28,28,4
0,44,44,43,44,44,44,19
0,53,53,53,53,53,53,41
1,58,58,58,58,58,58,52
2,40,40,40,40,40,40,33
4,38,39,39,39,39,39,31
0,57,57,57,57,57,57,20
0,37,37,37,34,37,37,14
0,37,37,37,37,37,37,20
1,50,50,50,50,50,50,45
2,26,26,26,26,26,24,11
0,25,25,25,25,25,25,7
0,52,52,52,52,52,52,16
1,40,40,40,40,40,40,21
0,28,28,28,28,28,28,20
0,26,26,26,26,25,26,13
4,51,51,51,51,51,49,17
15,34,34,34,34,34,34,14
0,26,26,26,26,26,26,12
0,39,39,39,39,39,39,33
0,36,36,36,36,36,36,26
1,43,43,43,43,43,43,26
0,33,33,33,33,33,33,13
0,29,29,28,29,29,29,15
0,48,48,48,48,48,47,28
0,37,37,37,37,37,36,28
1,35,35,35,35,35,35,27
0,40,40,40,40,40,40,25
0,28,28,28,28,28,28,26
0,28,28,28,28,28,28,16
1,43,43,43,43,42,43,12
1,36,36,36,36,35,36,19
0,33,33,33,33,33,33,23
18,50,50,50,50,50,50,16
0,41,41,41,41,41,38,13
0,54,54,54,54,54,54,33
0,36,36,36,36,36,36,32
0,52,52,52,52,52,52,40
0,51,51,51,51,51,51,33
0,19,19,19,19,19,19,9
0,27,27,27,27,27,27,11
0,36,36,36,36,31,36,19
0,50,50,50,50,48,50,30
0,24,24,24,24,24,24,10
0,24,24,24,24,24,24,17
1,36,36,36,36,36,35,22
0,32,32,32,32,32,32,13
0,26,26,26,26,26,26,14
1,35,35,35,35,35,35,25
1,42,42,42,42,42,42,24
0,57,57,57,57,56,57,50
2,32,32,32,32,31,30,18
3,25,25,25,25,25,25,12
0,32,32,32,32,32,32,16
2,29,29,29,29,29,29,20
11,53,53,53,53,52,53,35
13,41,41,41,41,39,41,19
0,25,25,25,25,25,25,12
0,23,23,23,23,23,23,16
6,37,37,36,37,37,37,20
10,50,50,49,50,50,50,27
0,34,34,34,34,34,34,23
16,32,32,32,32,32,32,13
10,35,35,35,34,35,35,11
0,50,50,50,50,50,50,18
8,45,45,45,45,45,45,20
0,47,47,47,47,47,47,28
2,45,45,45,45,44,45,23
0,37,37,37,37,37,37,32
13,35,35,35,35,35,35,19
0,59,59,59,59,59,59,18
0,42,42,42,42,42,42,35
0,31,31,31,31,31,31,18
1,34,34,34,34,34,34,18
0,27,27,27,27,27,27,9
0,30,30,30,30,30,30,11
1,35,35,35,35,34,35,15
0,32,32,32,32,31,30,18
0,29,29,29,29,29,28,20
0,39,39,39,39,39,38,31
0,40,40,40,40,40,40,17
0,30,30,30,30,30,30,12
4,40,40,40,40,40,40,15
1,28,28,28,28,28,28,17
0,45,45,45,45,45,45,38
0,47,47,47,47,47,47,29
0,70,70,70,70,70,70,34
0,38,38,38,38,38,38,19
0,23,23,22,23,23,23,13
0,39,39,39,39,39,39,39
0,60,60,60,60,60,60,56
0,39,39,39,39,39,39,31
0,33,33,33,33,33,32,31
4,42,42,42,42,42,42,11
0,70,70,70,70,70,70,20
3,51,51,51,51,51,51,23
7,34,34,34,34,34,34,26
6,40,40,40,40,39,39,22
0,37,37,37,37,37,37,22
1,54,54,54,54,54,54,32
2,50,50,50,50,50,50,24
0,46,46,46,46,46,46,34
4,44,44,44,44,44,44,35
2,44,44,44,44,44,42,32
3,29,29,29,29,29,29,20
0,60,60,60,60,60,60,54
8,29,29,27,29,29,29,16
5,23,24,24,24,22,24,14
0,49,49,49,49,49,49,19
0,46,46,46,46,46,46,20
1,31,31,31,31,31,31,22
1,50,50,50,50,50,50,41
0,38,38,38,38,38,38,38
7,29,29,29,29,29,29,12
3,23,23,23,23,23,23,8
2,40,40,40,40,40,40,16
0,55,55,55,55,55,55,36
0,45,45,45,45,45,45,30
0,31,31,31,31,31,31,14
15,51,52,48,52,52,52,15
0,32,32,32,32,32,32,9
3,40,40,40,40,40,40,29
0,65,65,65,65,65,65,43
0,39,39,39,39,39,39,36
3,37,37,37,37,37,35,25
0,30,30,30,30,30,29,12
5,38,38,38,38,38,38,26
7,23,23,23,23,23,23,10
0,34,34,34,34,34,32,12
0,53,53,53,53,53,53,44
0,40,40,40,40,40,40,20
0,51,51,51,51,51,51,22
0,49,49,49,49,49,49,38
1,38,38,37,38,38,38,26
0,25,25,25,24,23,23,9
0,37,37,37,37,37,37,16
0,24,24,24,24,24,24,16
0,38,38,38,38,38,38,24
0,53,53,53,53,53,53,33
0,52,52,52,52,52,52,31
0,42,42,42,42,42,42,33
0,29,29,29,29,29,29,20
0,48,48,48,48,48,48,22
0,38,38,38,38,38,38,18
0,34,34,34,34,33,34,23
0,51,51,51,51,51,51,23
0,46,46,46,46,46,46,31
2,54,54,54,54,54,54,19
3,50,50,50,50,50,50,34
2,39,39,39,39,39,39,37
0,39,39,39,39,37,39,23
1,41,41,41,41,41,40,20
0,34,34,34,34,34,34,23
4,39,39,39,39,39,38,18
1,49,49,48,49,49,49,45
1,58,57,58,58,55,57,38
0,41,41,41,41,40,40,21
1,29,29,29,29,29,29,20
1,46,46,46,46,46,46,37
1,37,37,37,37,37,37,36
1,24,24,24,24,24,24,6
0,26,26,26,26,26,26,14
0,54,54,54,54,54,54,53
0,42,42,42,42,42,42,41
0,21,21,21,21,21,21,21
